"Id","MoSold","YrSold","SaleType","SaleCondition","SalePrice"
"1",2,2008,"WD","Normal",208500
"2",5,2007,"WD","Normal",181500
"3",9,2008,"WD","Normal",223500
"4",2,2006,"WD","Abnorml",140000
"5",12,2008,"WD","Normal",250000
"6",10,2009,"WD","Normal",143000
"7",8,2007,"WD","Normal",307000
"8",11,2009,"WD","Normal",200000
"9",4,2008,"WD","Abnorml",129900
"10",1,2008,"WD","Normal",118000
"11",2,2008,"WD","Normal",129500
"12",7,2006,"New","Partial",345000
"13",9,2008,"WD","Normal",144000
"14",8,2007,"New","Partial",279500
"15",5,2008,"WD","Normal",157000
"16",7,2007,"WD","Normal",132000
"17",3,2010,"WD","Normal",149000
"18",10,2006,"WD","Normal",90000
"19",6,2008,"WD","Normal",159000
"20",5,2009,"COD","Abnorml",139000
"21",11,2006,"New","Partial",325300
"22",6,2007,"WD","Normal",139400
"23",9,2008,"WD","Normal",230000
"24",6,2007,"WD","Normal",129900
"25",5,2010,"WD","Normal",154000
"26",7,2009,"WD","Normal",256300
"27",5,2010,"WD","Normal",134800
"28",5,2010,"WD","Normal",306000
"29",12,2006,"WD","Normal",207500
"30",5,2008,"WD","Normal",68500
"31",7,2008,"WD","Normal",40000
"32",6,2008,"WD","Normal",149350
"33",1,2008,"WD","Normal",179900
"34",4,2010,"WD","Normal",165500
"35",8,2007,"WD","Normal",277500
"36",9,2006,"WD","Normal",309000
"37",6,2009,"WD","Normal",145000
"38",10,2009,"WD","Normal",153000
"39",1,2010,"WD","Abnorml",109000
"40",6,2008,"WD","AdjLand",82000
"41",12,2006,"WD","Abnorml",160000
"42",7,2007,"WD","Normal",170000
"43",12,2007,"WD","Normal",144000
"44",7,2008,"WD","Normal",130250
"45",5,2006,"WD","Normal",141000
"46",2,2010,"WD","Normal",319900
"47",8,2009,"WD","Abnorml",239686
"48",7,2007,"WD","Normal",249700
"49",6,2009,"New","Partial",113000
"50",1,2007,"WD","Normal",127000
"51",7,2007,"WD","Normal",177000
"52",9,2006,"WD","Normal",114500
"53",5,2010,"WD","Normal",110000
"54",11,2006,"WD","Normal",385000
"55",2,2007,"WD","Normal",130000
"56",7,2008,"WD","Normal",180500
"57",8,2009,"WD","Abnorml",172500
"58",8,2006,"WD","Normal",196500
"59",10,2006,"New","Partial",438780
"60",1,2008,"WD","Normal",124900
"61",5,2006,"New","Partial",158000
"62",3,2007,"WD","Normal",101000
"63",10,2007,"WD","Normal",202500
"64",4,2010,"WD","Normal",140000
"65",2,2009,"WD","Normal",219500
"66",10,2007,"WD","Normal",317000
"67",7,2010,"WD","Normal",180000
"68",6,2007,"WD","Normal",226000
"69",6,2010,"WD","Normal",80000
"70",7,2006,"WD","Normal",225000
"71",2,2007,"WD","Normal",244000
"72",6,2007,"WD","Normal",129500
"73",12,2009,"WD","Normal",185000
"74",5,2010,"WD","Normal",144900
"75",5,2010,"WD","Normal",107400
"76",11,2009,"WD","Normal",91000
"77",4,2008,"WD","Normal",135750
"78",1,2008,"WD","Normal",127000
"79",4,2010,"WD","Normal",136500
"80",5,2009,"WD","Normal",110000
"81",6,2009,"WD","Normal",193500
"82",3,2006,"WD","Normal",153500
"83",10,2008,"WD","Normal",245000
"84",7,2007,"COD","Normal",126500
"85",5,2009,"WD","Normal",168500
"86",4,2006,"WD","Normal",260000
"87",3,2009,"WD","Normal",174000
"88",6,2009,"New","Partial",164500
"89",10,2009,"ConLD","Abnorml",85000
"90",8,2007,"WD","Normal",123600
"91",7,2006,"WD","Normal",109900
"92",12,2006,"WD","Abnorml",98600
"93",8,2009,"WD","Normal",163500
"94",11,2007,"WD","Normal",133900
"95",5,2007,"WD","Normal",204750
"96",4,2009,"WD","Normal",185000
"97",8,2006,"WD","Normal",214000
"98",5,2007,"WD","Normal",94750
"99",5,2010,"COD","Abnorml",83000
"100",1,2010,"WD","Normal",128950
"101",2,2010,"WD","Normal",205000
"102",6,2010,"WD","Normal",178000
"103",6,2009,"WD","Alloca",118964
"104",5,2010,"WD","Normal",198900
"105",6,2007,"WD","Normal",169500
"106",8,2008,"WD","Normal",250000
"107",8,2007,"WD","Normal",100000
"108",4,2008,"WD","Partial",115000
"109",8,2007,"WD","Normal",115000
"110",1,2010,"COD","Normal",190000
"111",10,2006,"WD","Normal",136900
"112",4,2010,"WD","Normal",180000
"113",10,2007,"New","Partial",383970
"114",10,2007,"COD","Abnorml",217000
"115",7,2007,"WD","Normal",259500
"116",6,2007,"WD","Normal",176000
"117",9,2009,"WD","Normal",139000
"118",4,2007,"New","Partial",155000
"119",5,2010,"WD","Normal",320000
"120",7,2006,"New","Partial",163990
"121",10,2006,"WD","Normal",180000
"122",6,2007,"WD","Normal",100000
"123",6,2008,"WD","Normal",136000
"124",3,2008,"WD","Normal",153900
"125",1,2009,"WD","Normal",181000
"126",6,2006,"WD","Normal",84500
"127",2,2007,"WD","Normal",128000
"128",6,2007,"WD","Normal",87000
"129",7,2006,"WD","Normal",155000
"130",7,2006,"WD","Abnorml",150000
"131",5,2006,"WD","Normal",226000
"132",7,2009,"WD","Normal",244000
"133",7,2007,"WD","Normal",150750
"134",6,2009,"WD","Normal",220000
"135",7,2006,"WD","Normal",180000
"136",5,2008,"WD","Normal",174000
"137",7,2007,"WD","Normal",143000
"138",7,2006,"WD","Family",171000
"139",12,2008,"WD","Normal",230000
"140",8,2009,"WD","Normal",231500
"141",4,2010,"ConLI","Normal",115000
"142",1,2006,"WD","Normal",260000
"143",6,2010,"WD","Normal",166000
"144",6,2009,"WD","Normal",204000
"145",11,2006,"ConLI","Abnorml",125000
"146",4,2006,"WD","Normal",130000
"147",11,2009,"WD","Normal",105000
"148",5,2010,"WD","Normal",222500
"149",4,2008,"WD","Normal",141000
"150",4,2006,"WD","Normal",115000
"151",1,2007,"WD","Normal",122000
"152",1,2008,"New","Partial",372402
"153",6,2006,"WD","Normal",190000
"154",3,2008,"WD","Normal",235000
"155",3,2006,"WD","Family",125000
"156",4,2008,"WD","Normal",79000
"157",6,2006,"WD","Normal",109500
"158",5,2010,"New","Partial",269500
"159",5,2010,"WD","Normal",254900
"160",3,2006,"New","Partial",320000
"161",6,2008,"WD","Normal",162500
"162",3,2008,"WD","Normal",412500
"163",5,2010,"New","Partial",220000
"164",4,2007,"WD","Normal",103200
"165",10,2007,"WD","Normal",152000
"166",9,2008,"WD","Normal",127500
"167",11,2009,"COD","Normal",190000
"168",11,2007,"New","Partial",325624
"169",5,2007,"WD","Normal",183500
"170",1,2006,"WD","Normal",228000
"171",5,2007,"WD","Normal",128500
"172",5,2010,"WD","Normal",215000
"173",6,2006,"WD","Normal",239000
"174",6,2008,"COD","Normal",163000
"175",11,2008,"WD","Normal",184000
"176",6,2007,"WD","Normal",243000
"177",9,2007,"WD","Normal",211000
"178",7,2006,"WD","Normal",172500
"179",7,2009,"New","Partial",501837
"180",7,2007,"WD","Normal",100000
"181",6,2007,"WD","Normal",177000
"182",7,2006,"WD","Normal",200100
"183",6,2007,"WD","Normal",120000
"184",6,2008,"WD","Normal",200000
"185",6,2006,"WD","Normal",127000
"186",6,2006,"WD","Normal",475000
"187",6,2009,"WD","Normal",173000
"188",8,2009,"WD","Normal",135000
"189",6,2009,"WD","Alloca",153337
"190",8,2008,"WD","Normal",286000
"191",12,2007,"WD","Normal",315000
"192",6,2007,"WD","Normal",184000
"193",9,2009,"WD","Normal",192000
"194",5,2006,"WD","Normal",130000
"195",5,2008,"WD","Normal",127000
"196",7,2009,"WD","Normal",148500
"197",9,2007,"New","Partial",311872
"198",3,2006,"WD","Abnorml",235000
"199",7,2009,"WD","Abnorml",104000
"200",1,2009,"WD","Normal",274900
"201",3,2010,"WD","Normal",140000
"202",2,2008,"WD","Normal",171500
"203",5,2006,"COD","Normal",112000
"204",1,2008,"WD","Normal",149000
"205",4,2009,"WD","Normal",110000
"206",5,2009,"WD","Normal",180500
"207",3,2007,"WD","Normal",143900
"208",4,2008,"WD","Normal",141000
"209",4,2007,"WD","Normal",277000
"210",7,2008,"WD","Normal",145000
"211",4,2008,"WD","Normal",98000
"212",3,2010,"WD","Normal",186000
"213",7,2009,"New","Partial",252678
"214",7,2006,"WD","Normal",156000
"215",3,2010,"WD","Normal",161750
"216",5,2006,"WD","Normal",134450
"217",4,2008,"WD","Normal",210000
"218",9,2006,"WD","Family",107000
"219",5,2008,"WD","Normal",311500
"220",3,2006,"New","Partial",167240
"221",4,2006,"New","Partial",204900
"222",12,2009,"ConLI","Normal",200000
"223",2,2006,"WD","Normal",179900
"224",3,2009,"WD","Abnorml",97000
"225",6,2009,"WD","Normal",386250
"226",5,2009,"COD","Abnorml",112000
"227",6,2007,"WD","Abnorml",290000
"228",9,2008,"WD","Normal",106000
"229",5,2010,"WD","Normal",125000
"230",5,2009,"WD","Normal",192500
"231",4,2010,"WD","Normal",148000
"232",7,2009,"WD","Normal",403000
"233",6,2006,"WD","Normal",94500
"234",2,2010,"WD","Normal",128200
"235",5,2010,"WD","Normal",216500
"236",8,2008,"WD","Normal",89500
"237",5,2010,"WD","Normal",185500
"238",2,2010,"WD","Normal",194500
"239",12,2007,"New","Partial",318000
"240",4,2010,"WD","Normal",113000
"241",4,2010,"WD","Normal",262500
"242",8,2007,"WD","Normal",110500
"243",4,2006,"WD","Normal",79000
"244",4,2009,"WD","Normal",120000
"245",5,2010,"WD","Normal",205000
"246",6,2006,"WD","Normal",241500
"247",4,2006,"WD","Normal",137000
"248",6,2006,"WD","Normal",140000
"249",9,2007,"WD","Normal",180000
"250",6,2007,"WD","Normal",277000
"251",5,2010,"WD","Normal",76500
"252",12,2007,"WD","Family",235000
"253",12,2008,"WD","Normal",173000
"254",10,2007,"CWD","Normal",158000
"255",6,2010,"WD","Normal",145000
"256",2,2006,"WD","Normal",230000
"257",5,2008,"WD","Normal",207500
"258",3,2009,"WD","Abnorml",220000
"259",5,2008,"WD","Normal",231500
"260",12,2008,"WD","Normal",97000
"261",5,2009,"WD","Normal",176000
"262",11,2007,"New","Partial",276000
"263",7,2006,"WD","Normal",151000
"264",4,2010,"WD","Normal",130000
"265",6,2008,"WD","Normal",73000
"266",6,2008,"WD","Normal",175500
"267",6,2006,"WD","Normal",185000
"268",7,2008,"WD","Normal",179500
"269",2,2008,"WD","Normal",120500
"270",5,2007,"WD","Normal",148000
"271",8,2006,"New","Partial",266000
"272",4,2008,"WD","Normal",241500
"273",4,2010,"WD","Normal",290000
"274",4,2009,"WD","Normal",139000
"275",6,2007,"WD","Normal",124500
"276",10,2009,"WD","Normal",205000
"277",4,2010,"WD","Normal",201000
"278",6,2010,"WD","Normal",141000
"279",5,2007,"New","Partial",415298
"280",3,2008,"WD","Normal",192000
"281",1,2007,"WD","Normal",228500
"282",5,2006,"New","Partial",185000
"283",4,2009,"ConLw","Normal",207500
"284",12,2009,"New","Partial",244600
"285",7,2007,"WD","Normal",179200
"286",6,2007,"New","Partial",164700
"287",6,2006,"WD","Normal",159000
"288",6,2006,"WD","Normal",88000
"289",2,2010,"WD","Normal",122000
"290",7,2007,"WD","Normal",153575
"291",7,2006,"New","Partial",233230
"292",3,2008,"WD","Normal",135900
"293",1,2009,"WD","Normal",131000
"294",3,2006,"WD","Normal",235000
"295",10,2009,"WD","Normal",167000
"296",3,2006,"WD","Normal",142500
"297",6,2007,"WD","Normal",152000
"298",6,2007,"WD","Normal",239000
"299",6,2007,"WD","Normal",175000
"300",8,2009,"WD","Family",158500
"301",6,2006,"WD","Normal",157000
"302",5,2007,"WD","Normal",267000
"303",1,2006,"WD","Normal",205000
"304",7,2006,"WD","Abnorml",149900
"305",5,2008,"WD","Normal",295000
"306",7,2007,"WD","Normal",305900
"307",6,2007,"WD","Normal",225000
"308",3,2008,"WD","Normal",89500
"309",3,2009,"WD","Normal",82500
"310",11,2006,"WD","Normal",360000
"311",5,2006,"WD","Normal",165600
"312",5,2009,"WD","Normal",132000
"313",5,2006,"WD","Normal",119900
"314",6,2009,"WD","Normal",375000
"315",8,2006,"WD","Normal",178000
"316",7,2009,"WD","Normal",188500
"317",8,2009,"WD","Normal",260000
"318",12,2007,"WD","Normal",270000
"319",4,2009,"WD","Normal",260000
"320",6,2009,"WD","Normal",187500
"321",9,2006,"New","Partial",342643
"322",6,2007,"WD","Normal",354000
"323",8,2007,"WD","Normal",301000
"324",7,2006,"WD","Normal",126175
"325",6,2010,"WD","Normal",242000
"326",12,2007,"WD","Normal",87000
"327",5,2008,"Con","Normal",324000
"328",4,2006,"WD","Normal",145250
"329",7,2009,"WD","Normal",214500
"330",7,2009,"WD","Normal",78000
"331",11,2007,"WD","Normal",119000
"332",8,2007,"WD","Normal",139000
"333",10,2009,"WD","Normal",284000
"334",7,2008,"WD","Normal",207000
"335",7,2008,"WD","Normal",192000
"336",8,2008,"WD","Normal",228950
"337",7,2007,"WD","Normal",377426
"338",12,2008,"WD","Normal",214000
"339",5,2006,"WD","Normal",202500
"340",6,2009,"WD","Normal",155000
"341",4,2010,"WD","Normal",202900
"342",9,2009,"WD","Normal",82000
"343",5,2006,"WD","Normal",87500
"344",7,2008,"WD","Normal",266000
"345",4,2010,"WD","Normal",85000
"346",10,2006,"WD","Normal",140200
"347",4,2007,"WD","Normal",151500
"348",12,2009,"WD","Normal",157500
"349",10,2008,"WD","Normal",154000
"350",4,2006,"New","Partial",437154
"351",12,2007,"New","Partial",318061
"352",12,2006,"WD","Abnorml",190000
"353",3,2008,"ConLw","Normal",95000
"354",5,2010,"WD","Normal",105900
"355",6,2006,"WD","Normal",140000
"356",8,2007,"WD","Normal",177500
"357",7,2009,"WD","Normal",173000
"358",8,2007,"WD","Normal",134000
"359",7,2006,"WD","Abnorml",130000
"360",6,2006,"WD","Normal",280000
"361",6,2007,"WD","Normal",156000
"362",7,2008,"WD","Normal",145000
"363",7,2009,"ConLD","Normal",198500
"364",5,2009,"WD","Normal",118000
"365",7,2006,"WD","Normal",190000
"366",7,2009,"WD","Normal",147000
"367",7,2009,"WD","Normal",159000
"368",12,2008,"WD","Normal",165000
"369",3,2010,"WD","Normal",132000
"370",3,2010,"WD","Normal",162000
"371",1,2006,"WD","Normal",172400
"372",7,2008,"WD","Normal",134432
"373",2,2010,"WD","Normal",125000
"374",11,2009,"WD","Normal",123000
"375",7,2007,"WD","Normal",219500
"376",3,2009,"WD","Normal",61000
"377",7,2006,"WD","Normal",148000
"378",12,2007,"WD","Normal",340000
"379",6,2010,"New","Partial",394432
"380",6,2009,"WD","Normal",179000
"381",5,2010,"WD","Normal",127000
"382",8,2006,"New","Partial",187750
"383",4,2007,"WD","Normal",213500
"384",10,2009,"WD","Normal",76000
"385",6,2007,"WD","Normal",240000
"386",4,2010,"WD","Normal",192000
"387",5,2006,"WD","AdjLand",81000
"388",10,2009,"WD","Abnorml",125000
"389",7,2008,"WD","Normal",191000
"390",8,2008,"New","Partial",426000
"391",4,2008,"WD","Normal",119000
"392",6,2009,"WD","Normal",215000
"393",7,2007,"WD","Normal",106500
"394",4,2006,"WD","Abnorml",100000
"395",7,2007,"WD","Normal",109000
"396",6,2010,"WD","Normal",129000
"397",9,2009,"WD","Normal",123000
"398",7,2007,"WD","Normal",169500
"399",11,2007,"WD","Abnorml",67000
"400",10,2009,"WD","Normal",241000
"401",12,2008,"WD","Normal",245500
"402",7,2006,"New","Partial",164990
"403",8,2008,"WD","Normal",108000
"404",7,2006,"WD","Abnorml",258000
"405",5,2007,"WD","Normal",168000
"406",6,2009,"WD","Normal",150000
"407",3,2008,"WD","Normal",115000
"408",3,2008,"WD","Normal",177000
"409",8,2007,"New","Partial",280000
"410",4,2008,"New","Partial",339750
"411",6,2009,"COD","Abnorml",60000
"412",1,2006,"WD","Normal",145000
"413",6,2010,"New","Partial",222000
"414",3,2010,"WD","Normal",115000
"415",12,2008,"WD","Normal",228000
"416",8,2007,"New","Partial",181134
"417",3,2006,"WD","Normal",149500
"418",11,2007,"WD","Normal",239000
"419",4,2007,"WD","AdjLand",126000
"420",7,2010,"WD","Normal",142000
"421",11,2008,"WD","Alloca",206300
"422",6,2009,"WD","Normal",215000
"423",2,2008,"WD","Normal",113000
"424",6,2008,"WD","Normal",315000
"425",5,2008,"WD","Normal",139000
"426",9,2009,"WD","Normal",135000
"427",8,2009,"WD","Normal",275000
"428",7,2008,"WD","Normal",109008
"429",9,2007,"New","Partial",195400
"430",3,2009,"WD","Normal",175000
"431",7,2008,"COD","Abnorml",85400
"432",9,2008,"ConLD","Abnorml",79900
"433",8,2007,"WD","Normal",122500
"434",7,2008,"WD","Normal",181000
"435",6,2008,"WD","Normal",81000
"436",4,2009,"ConLw","Normal",212000
"437",10,2006,"WD","Normal",116000
"438",1,2009,"WD","Normal",119000
"439",3,2007,"WD","Normal",90350
"440",8,2009,"ConLI","Normal",110000
"441",4,2009,"WD","Normal",555000
"442",9,2008,"WD","Normal",118000
"443",6,2008,"WD","Normal",162900
"444",6,2007,"New","Partial",172500
"445",7,2008,"WD","Normal",210000
"446",11,2009,"COD","Normal",127500
"447",6,2010,"WD","Normal",190000
"448",7,2006,"WD","Normal",199900
"449",6,2006,"WD","Normal",119500
"450",6,2007,"WD","Normal",120000
"451",6,2006,"WD","Normal",110000
"452",12,2006,"WD","Normal",280000
"453",7,2007,"WD","Normal",204000
"454",6,2009,"WD","Normal",210000
"455",7,2006,"WD","Family",188000
"456",9,2007,"WD","Normal",175500
"457",5,2008,"COD","Abnorml",98000
"458",3,2008,"WD","Normal",256000
"459",6,2008,"WD","Normal",161000
"460",7,2009,"WD","Normal",110000
"461",12,2009,"New","Partial",263435
"462",4,2009,"WD","Normal",155000
"463",12,2009,"WD","Normal",62383
"464",8,2008,"WD","Normal",188700
"465",8,2009,"WD","Normal",124000
"466",5,2006,"WD","Normal",178740
"467",4,2007,"WD","Normal",167000
"468",6,2007,"WD","Normal",146500
"469",5,2007,"WD","Normal",250000
"470",6,2008,"WD","Normal",187000
"471",6,2010,"WD","Normal",212000
"472",11,2007,"WD","Normal",190000
"473",6,2008,"WD","Normal",148000
"474",7,2007,"New","Partial",440000
"475",8,2007,"WD","Normal",251000
"476",7,2007,"WD","Normal",132500
"477",4,2008,"WD","Normal",208900
"478",3,2007,"WD","Normal",380000
"479",9,2009,"WD","Normal",297000
"480",3,2007,"WD","Alloca",89471
"481",3,2006,"WD","Normal",326000
"482",8,2006,"WD","Normal",374000
"483",6,2009,"WD","Normal",155000
"484",5,2006,"WD","Normal",164000
"485",3,2007,"WD","Normal",132500
"486",7,2009,"WD","Normal",147000
"487",6,2007,"WD","Normal",156000
"488",2,2007,"WD","Normal",175000
"489",5,2006,"ConLD","Normal",160000
"490",5,2009,"WD","Normal",86000
"491",6,2008,"WD","Normal",115000
"492",8,2006,"WD","Normal",133000
"493",5,2006,"New","Partial",172785
"494",6,2008,"WD","Normal",155000
"495",12,2009,"WD","Normal",91300
"496",11,2009,"WD","Abnorml",34900
"497",5,2007,"WD","Normal",430000
"498",6,2008,"WD","Normal",184000
"499",6,2009,"WD","Normal",130000
"500",6,2007,"WD","Normal",120000
"501",5,2007,"WD","Normal",113000
"502",2,2008,"WD","Normal",226700
"503",4,2007,"WD","Normal",140000
"504",3,2010,"WD","Normal",289000
"505",6,2009,"WD","Normal",147000
"506",7,2009,"COD","Normal",124500
"507",9,2006,"WD","Normal",215000
"508",9,2009,"New","Partial",208300
"509",10,2008,"WD","Normal",161000
"510",7,2009,"WD","Normal",124500
"511",6,2009,"WD","Normal",164900
"512",3,2006,"New","Partial",202665
"513",7,2006,"WD","Normal",129900
"514",6,2007,"WD","Normal",134000
"515",6,2007,"WD","Normal",96500
"516",9,2009,"New","Partial",402861
"517",8,2009,"COD","Abnorml",158000
"518",7,2009,"WD","Normal",265000
"519",5,2007,"WD","Normal",211000
"520",6,2009,"WD","Normal",234000
"521",8,2008,"WD","Normal",106250
"522",5,2007,"WD","Normal",150000
"523",10,2006,"WD","Normal",159000
"524",10,2007,"New","Partial",184750
"525",8,2007,"WD","Normal",315750
"526",4,2006,"WD","Normal",176000
"527",6,2007,"WD","Normal",132000
"528",11,2008,"New","Partial",446261
"529",7,2007,"WD","Normal",86000
"530",3,2007,"WD","Alloca",200624
"531",8,2008,"WD","Abnorml",175000
"532",6,2008,"WD","Normal",128000
"533",4,2010,"WD","Normal",107500
"534",1,2007,"WD","Normal",39300
"535",10,2006,"WD","Normal",178000
"536",1,2008,"WD","Normal",107500
"537",7,2008,"WD","Normal",188000
"538",4,2008,"COD","Normal",111250
"539",7,2006,"WD","Normal",158000
"540",5,2010,"WD","Normal",272000
"541",3,2009,"WD","Normal",315000
"542",6,2007,"WD","Normal",248000
"543",6,2009,"WD","Normal",213250
"544",6,2007,"WD","Normal",133000
"545",9,2006,"New","Partial",179665
"546",2,2006,"WD","Normal",229000
"547",5,2007,"WD","Normal",210000
"548",4,2007,"WD","Normal",129500
"549",6,2008,"WD","Normal",125000
"550",11,2009,"WD","Normal",263000
"551",10,2008,"COD","Abnorml",140000
"552",6,2008,"WD","Normal",112500
"553",7,2009,"WD","Normal",255500
"554",5,2009,"WD","Normal",108000
"555",8,2008,"WD","Normal",284000
"556",8,2006,"WD","Normal",113000
"557",5,2006,"WD","Normal",141000
"558",9,2006,"COD","Normal",108000
"559",8,2008,"WD","Normal",175000
"560",10,2006,"WD","Normal",234000
"561",5,2010,"WD","Normal",121500
"562",4,2006,"WD","Normal",170000
"563",7,2008,"WD","Normal",108000
"564",7,2008,"WD","Normal",185000
"565",7,2006,"WD","Normal",268000
"566",5,2010,"WD","Normal",128000
"567",6,2008,"WD","Normal",325000
"568",3,2010,"WD","Normal",214000
"569",9,2009,"WD","Normal",316600
"570",12,2006,"WD","Normal",135960
"571",11,2008,"WD","Normal",142600
"572",10,2006,"WD","Abnorml",120000
"573",7,2009,"New","Partial",224500
"574",12,2007,"WD","Normal",170000
"575",12,2007,"WD","Normal",139000
"576",10,2008,"COD","Abnorml",118500
"577",8,2009,"WD","Normal",145000
"578",5,2006,"WD","Abnorml",164500
"579",2,2008,"WD","Abnorml",146000
"580",11,2008,"WD","Normal",131500
"581",6,2007,"WD","Normal",181900
"582",8,2009,"New","Partial",253293
"583",5,2007,"WD","Normal",118500
"584",7,2008,"WD","Normal",325000
"585",7,2009,"WD","Normal",133000
"586",3,2006,"New","Partial",369900
"587",5,2008,"WD","Normal",130000
"588",7,2009,"WD","Normal",137000
"589",6,2009,"WD","Partial",143000
"590",8,2008,"WD","Normal",79500
"591",9,2008,"WD","Normal",185900
"592",6,2009,"ConLI","Normal",451950
"593",6,2008,"WD","Normal",138000
"594",5,2009,"WD","Normal",140000
"595",4,2008,"WD","Normal",110000
"596",8,2006,"New","Partial",319000
"597",10,2006,"WD","Normal",114504
"598",2,2007,"New","Partial",194201
"599",3,2006,"WD","Normal",217500
"600",7,2008,"COD","Normal",151000
"601",6,2006,"WD","Normal",275000
"602",12,2007,"WD","Normal",141000
"603",2,2006,"WD","Abnorml",220000
"604",6,2010,"WD","Normal",151000
"605",9,2008,"WD","Normal",221000
"606",10,2009,"WD","Normal",205000
"607",11,2009,"WD","Normal",152000
"608",8,2006,"WD","Normal",225000
"609",9,2007,"WD","Alloca",359100
"610",4,2007,"WD","Normal",118500
"611",5,2009,"WD","Normal",313000
"612",7,2007,"WD","Normal",148000
"613",11,2009,"WD","Normal",261500
"614",12,2007,"New","Partial",147000
"615",5,2010,"WD","Normal",75500
"616",5,2010,"WD","Abnorml",137500
"617",6,2006,"WD","Normal",183200
"618",6,2008,"WD","Normal",105500
"619",7,2007,"New","Partial",314813
"620",8,2008,"WD","Normal",305000
"621",9,2008,"WD","Normal",67000
"622",6,2008,"WD","Normal",240000
"623",7,2009,"WD","Normal",135000
"624",6,2007,"WD","Normal",168500
"625",11,2006,"WD","Normal",165150
"626",2,2010,"WD","Normal",160000
"627",8,2007,"WD","Normal",139900
"628",3,2010,"WD","Normal",153000
"629",9,2007,"WD","Family",135000
"630",6,2008,"WD","Normal",168500
"631",6,2006,"WD","Abnorml",124000
"632",8,2007,"WD","Normal",209500
"633",4,2009,"WD","Family",82500
"634",7,2007,"WD","Normal",139400
"635",6,2010,"WD","Normal",144000
"636",3,2007,"WD","Abnorml",200000
"637",1,2009,"ConLw","Normal",60000
"638",11,2009,"WD","Normal",93000
"639",5,2008,"WD","Normal",85000
"640",10,2006,"New","Partial",264561
"641",4,2008,"WD","Normal",274000
"642",5,2007,"WD","Normal",226000
"643",7,2009,"WD","Normal",345000
"644",4,2007,"WD","Normal",152000
"645",10,2009,"New","Partial",370878
"646",3,2007,"WD","Normal",143250
"647",7,2008,"WD","Normal",98300
"648",6,2008,"WD","Normal",155000
"649",6,2010,"WD","Normal",155000
"650",12,2007,"WD","Normal",84500
"651",5,2008,"WD","Normal",205950
"652",10,2009,"WD","Normal",108000
"653",7,2009,"WD","Normal",191000
"654",6,2008,"WD","Normal",135000
"655",8,2008,"WD","Normal",350000
"656",3,2010,"WD","Family",88000
"657",8,2008,"WD","Normal",145500
"658",2,2008,"WD","Normal",149000
"659",1,2010,"WD","Abnorml",97500
"660",3,2009,"WD","Normal",167000
"661",11,2007,"WD","Normal",197900
"662",7,2009,"WD","Normal",402000
"663",7,2009,"WD","Normal",110000
"664",4,2008,"WD","Normal",137500
"665",1,2006,"New","Partial",423000
"666",11,2006,"WD","Normal",230500
"667",8,2007,"WD","Abnorml",129000
"668",10,2008,"WD","Normal",193500
"669",11,2006,"WD","Normal",168000
"670",7,2006,"WD","Normal",137500
"671",2,2009,"WD","Normal",173500
"672",7,2009,"WD","Normal",103600
"673",6,2006,"WD","Normal",165000
"674",6,2007,"WD","Normal",257500
"675",7,2008,"WD","Normal",140000
"676",4,2009,"WD","Normal",148500
"677",5,2006,"WD","Normal",87000
"678",5,2009,"WD","Normal",109500
"679",7,2009,"New","Partial",372500
"680",10,2007,"WD","Normal",128500
"681",5,2010,"WD","Normal",143000
"682",7,2009,"WD","Abnorml",159434
"683",11,2008,"WD","Normal",173000
"684",7,2007,"WD","Normal",285000
"685",6,2010,"WD","Normal",221000
"686",9,2007,"WD","Normal",207500
"687",8,2007,"New","Partial",227875
"688",3,2007,"WD","Normal",148800
"689",10,2007,"New","Partial",392000
"690",6,2007,"WD","Normal",194700
"691",5,2008,"WD","Normal",141000
"692",1,2007,"WD","Normal",755000
"693",4,2006,"WD","Normal",335000
"694",12,2006,"WD","Abnorml",108480
"695",4,2009,"WD","Normal",141500
"696",7,2006,"WD","Normal",176000
"697",6,2006,"WD","Normal",89000
"698",9,2006,"WD","Normal",123500
"699",4,2010,"WD","Normal",138500
"700",7,2008,"WD","Normal",196000
"701",5,2006,"WD","Normal",312500
"702",7,2006,"COD","Normal",140000
"703",7,2006,"New","Partial",361919
"704",5,2010,"WD","Normal",140000
"705",5,2010,"WD","Normal",213000
"706",7,2010,"WD","Normal",55000
"707",6,2007,"WD","Normal",302000
"708",12,2009,"WD","Normal",254000
"709",7,2007,"New","Partial",179540
"710",12,2008,"WD","Abnorml",109900
"711",7,2008,"WD","Normal",52000
"712",1,2010,"WD","Abnorml",102776
"713",10,2008,"WD","Normal",189000
"714",5,2006,"WD","Normal",129000
"715",3,2010,"WD","Normal",130500
"716",8,2009,"WD","Normal",165000
"717",7,2007,"WD","Normal",159500
"718",11,2008,"WD","Normal",157000
"719",8,2008,"WD","Normal",341000
"720",5,2006,"WD","Normal",128500
"721",12,2006,"WD","Normal",275000
"722",5,2010,"WD","Normal",143000
"723",7,2009,"WD","Normal",124500
"724",5,2008,"WD","Normal",135000
"725",2,2009,"WD","Normal",320000
"726",11,2009,"WD","Normal",120500
"727",12,2009,"WD","Normal",222000
"728",2,2009,"WD","Normal",194500
"729",7,2009,"COD","Abnorml",110000
"730",1,2009,"WD","Normal",103000
"731",3,2010,"WD","Normal",236500
"732",5,2007,"WD","Normal",187500
"733",7,2008,"WD","Normal",222500
"734",3,2009,"WD","Normal",131400
"735",5,2007,"WD","Family",108000
"736",10,2006,"WD","Normal",163000
"737",7,2006,"WD","Normal",93500
"738",6,2006,"WD","Normal",239900
"739",3,2009,"WD","Alloca",179000
"740",4,2009,"WD","Normal",190000
"741",5,2007,"WD","Abnorml",132000
"742",5,2008,"WD","Normal",142000
"743",12,2007,"WD","Normal",179000
"744",10,2009,"WD","Normal",175000
"745",10,2008,"WD","Normal",180000
"746",7,2008,"WD","Normal",299800
"747",4,2009,"WD","Normal",236000
"748",5,2009,"WD","Normal",265979
"749",3,2010,"WD","Normal",260400
"750",4,2009,"WD","Normal",98000
"751",6,2010,"WD","Normal",96500
"752",8,2007,"WD","Normal",162000
"753",7,2006,"WD","Normal",217000
"754",3,2006,"WD","Normal",275500
"755",7,2009,"WD","Normal",156000
"756",3,2009,"WD","Normal",172500
"757",4,2009,"WD","Normal",212000
"758",4,2010,"WD","Abnorml",158900
"759",8,2008,"WD","Normal",179400
"760",11,2007,"WD","Normal",290000
"761",10,2009,"WD","Normal",127500
"762",10,2009,"WD","Normal",100000
"763",6,2010,"Con","Normal",215200
"764",7,2009,"WD","Normal",337000
"765",4,2006,"WD","Normal",270000
"766",8,2008,"New","Partial",264132
"767",3,2010,"WD","Normal",196500
"768",7,2008,"WD","Normal",160000
"769",10,2006,"WD","Normal",216837
"770",6,2010,"WD","Normal",538000
"771",4,2009,"WD","Normal",134900
"772",4,2006,"COD","Normal",102000
"773",3,2010,"WD","Abnorml",107000
"774",7,2007,"COD","Normal",114500
"775",7,2007,"New","Partial",395000
"776",6,2009,"WD","Normal",162000
"777",7,2006,"New","Partial",221500
"778",6,2006,"WD","Normal",142500
"779",10,2007,"WD","Normal",144000
"780",5,2006,"WD","Normal",135000
"781",6,2007,"WD","Normal",176000
"782",7,2006,"WD","Normal",175900
"783",6,2009,"WD","Normal",187100
"784",7,2009,"WD","Normal",165500
"785",6,2008,"WD","Normal",128000
"786",9,2009,"WD","Normal",161500
"787",6,2010,"WD","Normal",139000
"788",1,2010,"WD","Normal",233000
"789",8,2008,"WD","Normal",107900
"790",7,2007,"WD","Normal",187500
"791",9,2009,"WD","Normal",160200
"792",5,2007,"WD","Normal",146800
"793",6,2007,"WD","Normal",269790
"794",6,2007,"New","Partial",225000
"795",10,2008,"WD","Normal",194500
"796",4,2010,"WD","Normal",171000
"797",4,2007,"WD","Normal",143500
"798",4,2008,"WD","Abnorml",110000
"799",7,2009,"New","Partial",485000
"800",6,2007,"WD","Normal",175000
"801",5,2008,"WD","Normal",200000
"802",7,2007,"WD","Normal",109900
"803",10,2008,"WD","Normal",189000
"804",1,2009,"New","Partial",582933
"805",6,2006,"WD","Family",118000
"806",7,2008,"New","Partial",227680
"807",10,2006,"WD","Normal",135500
"808",5,2009,"WD","Normal",223500
"809",6,2006,"WD","Normal",159950
"810",11,2009,"WD","Normal",106000
"811",1,2006,"WD","Normal",181000
"812",6,2008,"ConLD","Normal",144500
"813",6,2010,"WD","Alloca",55993
"814",4,2007,"COD","Normal",157900
"815",7,2006,"WD","Normal",116000
"816",5,2010,"WD","Normal",224900
"817",7,2006,"WD","Normal",137000
"818",7,2008,"WD","Normal",271000
"819",6,2010,"WD","Normal",155000
"820",6,2010,"New","Partial",224000
"821",6,2008,"WD","Normal",183000
"822",2,2009,"WD","Normal",93000
"823",10,2007,"WD","Family",225000
"824",7,2009,"WD","Normal",139500
"825",6,2006,"New","Partial",232600
"826",6,2008,"New","Partial",385000
"827",5,2008,"WD","Normal",109500
"828",4,2009,"WD","Normal",189000
"829",6,2009,"WD","Abnorml",185000
"830",7,2006,"WD","Normal",147400
"831",6,2008,"WD","Normal",166000
"832",6,2006,"WD","Normal",151000
"833",1,2010,"WD","Normal",237000
"834",2,2009,"WD","Normal",167000
"835",9,2008,"WD","Normal",139950
"836",2,2010,"WD","Normal",128000
"837",6,2007,"COD","Normal",153500
"838",11,2008,"WD","Normal",100000
"839",6,2008,"WD","Normal",144000
"840",5,2008,"WD","Normal",130500
"841",3,2008,"WD","Normal",140000
"842",6,2008,"WD","Normal",157500
"843",5,2008,"WD","Normal",174900
"844",7,2007,"WD","Normal",141000
"845",6,2008,"WD","Normal",153900
"846",1,2007,"WD","Normal",171000
"847",7,2009,"WD","Normal",213000
"848",8,2009,"WD","Normal",133500
"849",9,2008,"WD","Normal",240000
"850",8,2007,"WD","Normal",187000
"851",11,2007,"WD","Normal",131500
"852",5,2006,"WD","Normal",215000
"853",8,2007,"WD","Normal",164000
"854",8,2009,"WD","Normal",158000
"855",7,2006,"WD","Abnorml",170000
"856",4,2010,"WD","Normal",127000
"857",10,2008,"WD","Normal",147000
"858",3,2009,"WD","Normal",174000
"859",6,2009,"WD","Family",152000
"860",8,2006,"WD","Normal",250000
"861",6,2007,"WD","Normal",189950
"862",4,2010,"WD","Normal",131500
"863",5,2010,"WD","Normal",152000
"864",7,2009,"WD","Normal",132500
"865",5,2008,"New","Partial",250580
"866",8,2009,"WD","Normal",148500
"867",11,2007,"New","Partial",248900
"868",5,2007,"WD","Normal",129000
"869",5,2006,"WD","Normal",169000
"870",6,2010,"WD","Normal",236000
"871",8,2009,"WD","Normal",109500
"872",6,2010,"WD","Normal",200500
"873",10,2008,"WD","Normal",116000
"874",9,2009,"WD","Normal",133000
"875",8,2009,"WD","Abnorml",66500
"876",8,2007,"New","Partial",303477
"877",1,2007,"WD","Normal",132250
"878",6,2009,"WD","Normal",350000
"879",6,2010,"WD","Normal",148000
"880",7,2009,"WD","Normal",136500
"881",6,2007,"WD","Normal",157000
"882",4,2007,"WD","Normal",187500
"883",12,2009,"WD","Normal",178000
"884",3,2006,"WD","Normal",118500
"885",7,2009,"WD","Normal",100000
"886",1,2008,"CWD","Abnorml",328900
"887",6,2006,"WD","Family",145000
"888",4,2008,"WD","Normal",135500
"889",10,2007,"WD","Normal",268000
"890",2,2009,"WD","Normal",149500
"891",7,2007,"WD","Normal",122900
"892",7,2009,"WD","Normal",172500
"893",2,2006,"WD","Normal",154500
"894",6,2008,"WD","Normal",165000
"895",6,2009,"WD","Alloca",118858
"896",10,2008,"WD","Normal",140000
"897",4,2006,"WD","Abnorml",106500
"898",6,2009,"WD","Alloca",142953
"899",3,2010,"New","Partial",611657
"900",6,2006,"WD","Normal",135000
"901",6,2007,"WD","Normal",110000
"902",5,2009,"WD","Normal",153000
"903",7,2006,"WD","Normal",180000
"904",8,2006,"New","Partial",240000
"905",8,2007,"WD","Normal",125500
"906",2,2010,"WD","Normal",128000
"907",6,2007,"WD","Normal",255000
"908",6,2006,"WD","Normal",250000
"909",6,2006,"WD","Normal",131000
"910",6,2009,"WD","Normal",174000
"911",1,2010,"WD","Normal",154300
"912",10,2009,"WD","Normal",143500
"913",7,2006,"WD","Abnorml",88000
"914",8,2007,"WD","Normal",145000
"915",6,2009,"New","Partial",173733
"916",1,2007,"WD","Normal",75000
"917",10,2006,"WD","Abnorml",35311
"918",4,2009,"WD","Normal",135000
"919",11,2007,"WD","Normal",238000
"920",5,2008,"WD","Normal",176500
"921",7,2007,"WD","Normal",201000
"922",9,2008,"WD","Normal",145900
"923",10,2006,"New","Partial",169990
"924",7,2008,"WD","Normal",193000
"925",5,2006,"WD","Normal",207500
"926",3,2008,"WD","Abnorml",175000
"927",5,2007,"WD","Normal",285000
"928",4,2008,"WD","Normal",176000
"929",6,2009,"WD","Normal",236500
"930",11,2006,"WD","Normal",222000
"931",7,2009,"WD","Normal",201000
"932",7,2009,"WD","Normal",117500
"933",3,2007,"WD","Normal",320000
"934",8,2009,"WD","Normal",190000
"935",11,2008,"WD","Normal",242000
"936",6,2006,"WD","Normal",79900
"937",8,2009,"WD","Normal",184900
"938",2,2009,"WD","Normal",253000
"939",8,2006,"New","Partial",239799
"940",6,2010,"COD","Normal",244400
"941",7,2006,"WD","Normal",150900
"942",6,2009,"WD","Normal",214000
"943",8,2007,"Oth","Abnorml",150000
"944",6,2007,"WD","Normal",143000
"945",1,2009,"COD","Abnorml",137500
"946",9,2009,"WD","Normal",124900
"947",3,2006,"WD","Normal",143000
"948",11,2007,"WD","Normal",270000
"949",2,2006,"WD","Normal",192500
"950",3,2010,"WD","Normal",197500
"951",7,2007,"WD","Normal",129000
"952",7,2006,"WD","Abnorml",119900
"953",4,2009,"WD","Normal",133900
"954",9,2008,"WD","Normal",172000
"955",10,2006,"WD","AdjLand",127500
"956",8,2007,"WD","Normal",145000
"957",5,2009,"WD","Normal",124000
"958",4,2007,"WD","Normal",132000
"959",10,2007,"WD","Normal",185000
"960",5,2010,"WD","Normal",155000
"961",2,2010,"WD","Normal",116500
"962",7,2008,"WD","Normal",272000
"963",7,2007,"WD","Normal",155000
"964",5,2009,"WD","Normal",239000
"965",2,2010,"WD","Normal",214900
"966",7,2007,"New","Partial",178900
"967",6,2009,"WD","Normal",160000
"968",7,2008,"WD","Normal",135000
"969",5,2009,"WD","Abnorml",37900
"970",3,2006,"ConLD","Normal",140000
"971",12,2006,"WD","Abnorml",135000
"972",7,2009,"WD","Normal",173000
"973",4,2010,"WD","Normal",99500
"974",12,2008,"New","Partial",182000
"975",10,2009,"WD","Normal",167500
"976",4,2006,"WD","Normal",165000
"977",8,2006,"WD","Normal",85500
"978",11,2007,"New","Partial",199900
"979",5,2007,"WD","Abnorml",110000
"980",6,2009,"WD","Normal",139000
"981",7,2008,"WD","Normal",178400
"982",7,2009,"WD","Normal",336000
"983",3,2008,"WD","Normal",159895
"984",5,2008,"WD","Normal",255900
"985",8,2009,"COD","Normal",126000
"986",8,2008,"ConLD","Normal",125000
"987",6,2006,"WD","Normal",117000
"988",4,2010,"New","Partial",395192
"989",6,2007,"WD","Normal",195000
"990",8,2006,"New","Partial",197000
"991",6,2006,"WD","Normal",348000
"992",11,2009,"WD","Normal",168000
"993",7,2007,"WD","Normal",187000
"994",8,2006,"New","Partial",173900
"995",7,2009,"WD","Normal",337500
"996",8,2006,"WD","Abnorml",121600
"997",1,2006,"COD","Normal",136500
"998",2,2009,"WD","Normal",185000
"999",5,2006,"WD","Normal",91000
"1000",2,2010,"WD","Normal",206000
"1001",7,2009,"WD","Normal",82000
"1002",1,2007,"WD","Abnorml",86000
"1003",7,2008,"WD","Normal",232000
"1004",6,2007,"WD","Normal",136905
"1005",5,2009,"WD","Normal",181000
"1006",11,2008,"WD","Normal",149900
"1007",3,2007,"WD","Normal",163500
"1008",8,2009,"WD","Normal",88000
"1009",4,2009,"WD","Normal",240000
"1010",6,2006,"WD","Normal",102000
"1011",8,2008,"WD","Normal",135000
"1012",5,2010,"WD","Normal",100000
"1013",8,2007,"WD","Normal",165000
"1014",6,2009,"WD","Normal",85000
"1015",11,2007,"WD","Normal",119200
"1016",11,2009,"WD","Normal",227000
"1017",6,2009,"WD","Normal",203000
"1018",8,2009,"COD","Abnorml",187500
"1019",5,2007,"WD","Normal",160000
"1020",4,2006,"WD","Normal",213490
"1021",6,2008,"WD","Normal",176000
"1022",7,2006,"New","Partial",194000
"1023",3,2007,"WD","Normal",87000
"1024",5,2008,"WD","Normal",191000
"1025",5,2008,"COD","Abnorml",287000
"1026",3,2007,"WD","Normal",112500
"1027",4,2010,"WD","Normal",167500
"1028",4,2008,"New","Partial",293077
"1029",4,2007,"WD","Normal",105000
"1030",5,2006,"WD","Normal",118000
"1031",7,2006,"WD","Normal",160000
"1032",8,2009,"WD","Normal",197000
"1033",11,2006,"WD","Abnorml",310000
"1034",2,2006,"WD","Normal",230000
"1035",6,2007,"WD","Normal",119750
"1036",1,2009,"WD","Normal",84000
"1037",9,2009,"WD","Normal",315500
"1038",9,2008,"WD","Normal",287000
"1039",5,2009,"WD","Normal",97000
"1040",4,2009,"WD","Normal",80000
"1041",1,2006,"WD","Normal",155000
"1042",7,2008,"WD","Normal",173000
"1043",8,2009,"WD","Normal",196000
"1044",5,2008,"WD","Normal",262280
"1045",7,2009,"WD","Normal",278000
"1046",6,2009,"WD","Normal",139600
"1047",7,2006,"New","Partial",556581
"1048",2,2008,"WD","Normal",145000
"1049",11,2009,"WD","Normal",115000
"1050",4,2010,"WD","Abnorml",84900
"1051",8,2007,"New","Partial",176485
"1052",10,2007,"New","Partial",200141
"1053",6,2007,"WD","Normal",165000
"1054",5,2010,"WD","Normal",144500
"1055",11,2006,"WD","Normal",255000
"1056",5,2008,"COD","Abnorml",180000
"1057",6,2006,"WD","Normal",185850
"1058",1,2009,"WD","Normal",248000
"1059",7,2009,"WD","Normal",335000
"1060",3,2007,"WD","Normal",220000
"1061",4,2010,"WD","Normal",213500
"1062",8,2008,"ConLD","Normal",81000
"1063",9,2007,"WD","Normal",90000
"1064",7,2006,"WD","Normal",110500
"1065",11,2009,"WD","Normal",154000
"1066",4,2010,"WD","Normal",328000
"1067",5,2009,"WD","Normal",178000
"1068",6,2008,"WD","Normal",167900
"1069",6,2006,"WD","Normal",151400
"1070",5,2007,"WD","Normal",135000
"1071",6,2007,"WD","Normal",135000
"1072",5,2009,"WD","Normal",154000
"1073",8,2006,"WD","Normal",91500
"1074",7,2009,"WD","Normal",159500
"1075",5,2007,"WD","Normal",194000
"1076",7,2007,"CWD","Normal",219500
"1077",4,2006,"WD","Normal",170000
"1078",3,2006,"WD","Abnorml",138800
"1079",5,2006,"WD","Normal",155900
"1080",4,2007,"WD","Normal",126000
"1081",10,2008,"COD","Abnorml",145000
"1082",6,2010,"WD","Normal",133000
"1083",9,2007,"WD","Normal",192000
"1084",3,2006,"WD","Normal",160000
"1085",7,2006,"WD","Normal",187500
"1086",4,2010,"WD","Normal",147000
"1087",5,2010,"WD","Normal",83500
"1088",5,2009,"WD","Normal",252000
"1089",4,2006,"WD","Normal",137500
"1090",4,2006,"WD","Normal",197000
"1091",6,2009,"WD","Normal",92900
"1092",3,2008,"WD","Normal",160000
"1093",6,2008,"WD","Normal",136500
"1094",10,2006,"WD","Normal",146000
"1095",5,2010,"WD","Normal",129000
"1096",3,2007,"WD","Normal",176432
"1097",3,2007,"WD","Normal",127000
"1098",10,2007,"WD","Normal",170000
"1099",7,2009,"WD","Normal",128000
"1100",4,2009,"COD","Abnorml",157000
"1101",1,2009,"WD","Normal",60000
"1102",7,2007,"WD","Normal",119500
"1103",4,2007,"WD","Family",135000
"1104",7,2006,"WD","Normal",159500
"1105",4,2007,"WD","Normal",106000
"1106",4,2010,"WD","Normal",325000
"1107",5,2007,"WD","Normal",179900
"1108",9,2006,"New","Partial",274725
"1109",11,2007,"WD","Abnorml",181000
"1110",3,2009,"WD","Normal",280000
"1111",6,2008,"WD","Normal",188000
"1112",9,2008,"WD","Normal",205000
"1113",7,2006,"WD","Normal",129900
"1114",5,2007,"WD","Normal",134500
"1115",8,2006,"WD","Normal",117000
"1116",11,2007,"New","Partial",318000
"1117",3,2009,"WD","Normal",184100
"1118",5,2008,"WD","Normal",130000
"1119",12,2008,"WD","Normal",140000
"1120",7,2006,"WD","Normal",133700
"1121",5,2007,"WD","Normal",118400
"1122",7,2006,"New","Partial",212900
"1123",10,2009,"COD","Abnorml",112000
"1124",6,2009,"WD","Normal",118000
"1125",7,2007,"WD","Normal",163900
"1126",11,2009,"WD","Normal",115000
"1127",6,2009,"WD","Normal",174000
"1128",11,2007,"WD","Family",259000
"1129",7,2007,"WD","Normal",215000
"1130",8,2007,"WD","Normal",140000
"1131",12,2009,"WD","Normal",135000
"1132",9,2007,"Oth","Abnorml",93500
"1133",5,2007,"WD","Normal",117500
"1134",6,2009,"WD","Normal",239500
"1135",8,2007,"WD","Normal",169000
"1136",5,2007,"WD","Normal",102000
"1137",4,2008,"WD","Abnorml",119000
"1138",5,2010,"WD","Normal",94000
"1139",5,2009,"WD","Normal",196000
"1140",5,2007,"WD","Normal",144000
"1141",6,2008,"COD","Abnorml",139000
"1142",10,2009,"WD","Normal",197500
"1143",4,2007,"New","Partial",424870
"1144",7,2008,"WD","Normal",80000
"1145",7,2010,"WD","Normal",80000
"1146",8,2006,"WD","Family",149000
"1147",5,2006,"WD","Normal",180000
"1148",7,2009,"WD","Normal",174500
"1149",8,2008,"WD","Normal",116900
"1150",7,2009,"WD","Normal",143000
"1151",11,2007,"WD","Normal",124000
"1152",11,2006,"WD","Normal",149900
"1153",7,2006,"WD","Abnorml",230000
"1154",6,2008,"WD","Normal",120500
"1155",5,2008,"WD","Normal",201800
"1156",7,2007,"WD","Normal",218000
"1157",10,2008,"WD","Normal",179900
"1158",7,2009,"WD","Normal",230000
"1159",6,2008,"ConLD","Partial",235128
"1160",7,2008,"WD","Normal",185000
"1161",7,2010,"WD","Normal",146000
"1162",11,2008,"WD","Normal",224000
"1163",5,2007,"WD","Normal",129000
"1164",1,2008,"WD","Alloca",108959
"1165",6,2007,"WD","Normal",194000
"1166",9,2009,"New","Partial",233170
"1167",2,2010,"WD","Normal",245350
"1168",2,2006,"WD","Normal",173000
"1169",7,2008,"WD","Normal",235000
"1170",7,2006,"WD","Normal",625000
"1171",7,2008,"WD","Normal",171000
"1172",11,2008,"WD","Normal",163000
"1173",3,2008,"WD","Normal",171900
"1174",3,2007,"WD","Normal",200500
"1175",7,2006,"WD","Normal",239000
"1176",4,2007,"WD","Normal",285000
"1177",10,2008,"WD","Normal",119500
"1178",12,2009,"WD","Normal",115000
"1179",7,2009,"WD","Normal",154900
"1180",4,2006,"WD","Normal",93000
"1181",4,2006,"WD","Normal",250000
"1182",11,2008,"New","Partial",392500
"1183",7,2007,"WD","Abnorml",745000
"1184",6,2006,"WD","Normal",120000
"1185",5,2007,"WD","Normal",186700
"1186",3,2006,"WD","Normal",104900
"1187",8,2009,"WD","Abnorml",95000
"1188",7,2006,"WD","Normal",262000
"1189",7,2009,"WD","Normal",195000
"1190",6,2010,"WD","Normal",189000
"1191",3,2007,"WD","Normal",168000
"1192",11,2007,"WD","Normal",174000
"1193",7,2007,"WD","Normal",125000
"1194",6,2009,"WD","Normal",165000
"1195",3,2010,"WD","Normal",158000
"1196",7,2008,"WD","Normal",176000
"1197",11,2006,"New","Partial",219210
"1198",7,2006,"ConLw","Normal",144000
"1199",6,2009,"WD","Normal",178000
"1200",10,2006,"WD","Normal",148000
"1201",7,2006,"Oth","Abnorml",116050
"1202",3,2009,"WD","Normal",197900
"1203",5,2009,"WD","Normal",117000
"1204",10,2009,"WD","Normal",213000
"1205",7,2006,"WD","Normal",153500
"1206",6,2009,"WD","Normal",271900
"1207",11,2006,"WD","Normal",107000
"1208",5,2006,"WD","Normal",200000
"1209",10,2008,"WD","Normal",140000
"1210",5,2006,"New","Partial",290000
"1211",5,2010,"WD","Normal",189000
"1212",6,2010,"WD","Normal",164000
"1213",8,2009,"WD","Normal",113000
"1214",5,2006,"WD","Normal",145000
"1215",5,2006,"WD","Normal",134500
"1216",5,2007,"WD","Normal",125000
"1217",4,2010,"WD","Normal",112000
"1218",9,2009,"New","Partial",229456
"1219",7,2006,"WD","Normal",80500
"1220",4,2006,"WD","Abnorml",91500
"1221",11,2006,"WD","Abnorml",115000
"1222",8,2008,"WD","Normal",134000
"1223",1,2007,"WD","Normal",143000
"1224",10,2006,"WD","Normal",137900
"1225",2,2008,"WD","Normal",184000
"1226",6,2007,"WD","Normal",145000
"1227",1,2008,"WD","Normal",214000
"1228",12,2008,"WD","Normal",147000
"1229",10,2008,"New","Partial",367294
"1230",8,2008,"WD","Normal",127000
"1231",8,2007,"WD","Normal",190000
"1232",5,2006,"WD","Normal",132500
"1233",3,2007,"WD","Normal",101800
"1234",5,2010,"COD","Abnorml",142000
"1235",11,2008,"WD","Abnorml",130000
"1236",7,2006,"WD","Normal",138887
"1237",6,2010,"WD","Normal",175500
"1238",9,2006,"WD","Normal",195000
"1239",3,2006,"WD","Abnorml",142500
"1240",12,2007,"WD","Normal",265900
"1241",7,2008,"WD","Normal",224900
"1242",6,2007,"New","Partial",248328
"1243",1,2010,"WD","Family",170000
"1244",9,2006,"New","Partial",465000
"1245",6,2006,"WD","Normal",230000
"1246",1,2007,"WD","Abnorml",178000
"1247",3,2006,"New","Partial",186500
"1248",5,2010,"WD","Normal",169900
"1249",4,2008,"WD","Normal",129500
"1250",5,2007,"WD","Normal",119000
"1251",4,2010,"WD","Normal",244000
"1252",3,2006,"WD","Normal",171750
"1253",11,2009,"WD","Normal",130000
"1254",7,2007,"WD","Normal",294000
"1255",7,2008,"WD","Normal",165400
"1256",11,2007,"WD","Normal",127500
"1257",8,2008,"WD","Normal",301500
"1258",7,2009,"WD","Normal",99900
"1259",7,2008,"WD","Normal",190000
"1260",7,2008,"WD","Normal",151000
"1261",6,2009,"WD","Normal",181000
"1262",6,2009,"WD","Normal",128900
"1263",11,2009,"WD","Normal",161500
"1264",7,2007,"WD","Normal",180500
"1265",8,2008,"COD","Abnorml",181000
"1266",3,2006,"WD","Normal",183900
"1267",1,2007,"WD","Normal",122000
"1268",5,2010,"WD","Normal",378500
"1269",5,2008,"WD","Normal",381000
"1270",7,2007,"WD","Normal",144000
"1271",4,2010,"WD","Normal",260000
"1272",8,2009,"WD","Normal",185750
"1273",11,2006,"WD","Normal",137000
"1274",5,2008,"WD","Normal",177000
"1275",11,2007,"WD","Normal",139000
"1276",7,2007,"WD","Normal",137000
"1277",12,2009,"WD","Normal",162000
"1278",6,2009,"WD","Normal",197900
"1279",3,2008,"WD","Normal",237000
"1280",4,2010,"COD","Abnorml",68400
"1281",3,2009,"WD","Normal",227000
"1282",7,2006,"WD","Normal",180000
"1283",9,2009,"WD","Normal",150500
"1284",4,2010,"WD","Normal",139000
"1285",3,2010,"WD","Normal",169000
"1286",5,2009,"WD","Normal",132500
"1287",6,2010,"WD","Normal",143000
"1288",6,2006,"WD","Normal",190000
"1289",10,2009,"WD","Normal",278000
"1290",10,2006,"New","Partial",281000
"1291",4,2010,"WD","Normal",180500
"1292",2,2009,"WD","Normal",119500
"1293",12,2009,"WD","Normal",107500
"1294",3,2006,"WD","Normal",162900
"1295",4,2006,"WD","Normal",115000
"1296",11,2006,"WD","Normal",138500
"1297",12,2008,"WD","Normal",155000
"1298",6,2006,"New","Partial",140000
"1299",1,2008,"New","Partial",160000
"1300",5,2010,"WD","Normal",154000
"1301",5,2009,"WD","Normal",225000
"1302",11,2009,"WD","Normal",177500
"1303",12,2006,"WD","Normal",290000
"1304",4,2006,"WD","Normal",232000
"1305",4,2006,"WD","Normal",130000
"1306",11,2009,"WD","Normal",325000
"1307",9,2006,"New","Partial",202500
"1308",5,2009,"WD","Normal",138000
"1309",5,2008,"WD","Normal",147000
"1310",6,2008,"WD","Normal",179200
"1311",5,2010,"WD","Normal",335000
"1312",1,2007,"New","Partial",203000
"1313",6,2007,"WD","Normal",302000
"1314",5,2010,"WD","Normal",333168
"1315",10,2007,"WD","Normal",119000
"1316",6,2008,"WD","Normal",206900
"1317",1,2009,"WD","Normal",295493
"1318",4,2007,"New","Partial",208900
"1319",8,2006,"WD","Normal",275000
"1320",2,2007,"WD","Normal",111000
"1321",6,2009,"WD","Normal",156500
"1322",7,2008,"WD","Normal",72500
"1323",6,2010,"WD","Normal",190000
"1324",12,2009,"WD","Normal",82500
"1325",2,2007,"New","Partial",147000
"1326",1,2008,"WD","Normal",55000
"1327",5,2007,"WD","Normal",79000
"1328",10,2008,"WD","Normal",130500
"1329",6,2008,"WD","Normal",256000
"1330",6,2006,"WD","Normal",176500
"1331",12,2007,"WD","Normal",227000
"1332",7,2006,"WD","Normal",132500
"1333",5,2009,"WD","Normal",100000
"1334",7,2006,"WD","Normal",125500
"1335",5,2009,"WD","Normal",125000
"1336",4,2009,"WD","Normal",167900
"1337",11,2008,"WD","Normal",135000
"1338",3,2006,"WD","Normal",52500
"1339",6,2006,"WD","Normal",200000
"1340",6,2006,"WD","Normal",128500
"1341",6,2007,"WD","Normal",123000
"1342",7,2008,"WD","Normal",155000
"1343",8,2007,"WD","Normal",228500
"1344",3,2009,"WD","Normal",177000
"1345",7,2007,"New","Partial",155835
"1346",7,2007,"WD","Normal",108500
"1347",6,2006,"WD","Normal",262500
"1348",5,2007,"New","Partial",283463
"1349",8,2007,"WD","Normal",215000
"1350",12,2008,"WD","Normal",122000
"1351",8,2009,"WD","Normal",200000
"1352",3,2008,"WD","Normal",171000
"1353",7,2009,"WD","Normal",134900
"1354",3,2010,"WD","Normal",410000
"1355",6,2008,"WD","Normal",235000
"1356",9,2006,"WD","Normal",170000
"1357",10,2008,"WD","Normal",110000
"1358",4,2010,"WD","Normal",149900
"1359",6,2010,"WD","Normal",177500
"1360",9,2006,"WD","Normal",315000
"1361",5,2008,"WD","Normal",189000
"1362",6,2009,"WD","Normal",260000
"1363",6,2009,"WD","Normal",104900
"1364",3,2007,"New","Partial",156932
"1365",4,2006,"WD","Abnorml",144152
"1366",1,2010,"WD","Normal",216000
"1367",6,2008,"WD","Abnorml",193000
"1368",7,2006,"WD","Normal",127000
"1369",6,2009,"WD","Normal",144000
"1370",5,2010,"WD","Normal",232000
"1371",10,2009,"WD","Normal",105000
"1372",10,2008,"WD","Normal",165500
"1373",6,2006,"WD","Normal",274300
"1374",3,2007,"WD","Normal",466500
"1375",7,2008,"WD","Normal",250000
"1376",12,2007,"New","Partial",239000
"1377",4,2008,"WD","Normal",91000
"1378",7,2009,"WD","Normal",117000
"1379",6,2006,"WD","Normal",83000
"1380",5,2008,"WD","Normal",167500
"1381",6,2010,"WD","Normal",58500
"1382",5,2008,"WD","Normal",237500
"1383",10,2006,"WD","Normal",157000
"1384",8,2007,"WD","Normal",112000
"1385",10,2009,"WD","Normal",105000
"1386",5,2010,"WD","Normal",125500
"1387",7,2006,"WD","Normal",250000
"1388",8,2007,"CWD","Family",136000
"1389",10,2009,"WD","Normal",377500
"1390",3,2007,"WD","Normal",131000
"1391",9,2006,"WD","Normal",235000
"1392",4,2009,"WD","Normal",124000
"1393",12,2006,"WD","Normal",123000
"1394",4,2008,"WD","Normal",163000
"1395",10,2006,"New","Partial",246578
"1396",2,2007,"WD","Normal",281213
"1397",6,2010,"WD","Normal",160000
"1398",5,2007,"WD","Normal",137500
"1399",5,2009,"WD","Normal",138000
"1400",10,2009,"WD","Normal",137450
"1401",7,2008,"WD","Normal",120000
"1402",4,2008,"WD","Normal",193000
"1403",7,2006,"New","Partial",193879
"1404",8,2007,"WD","Normal",282922
"1405",1,2006,"WD","Family",105000
"1406",1,2008,"WD","Normal",275000
"1407",3,2009,"WD","Normal",133000
"1408",3,2009,"WD","Normal",112000
"1409",6,2010,"WD","Normal",125500
"1410",11,2008,"WD","Normal",215000
"1411",6,2009,"WD","Normal",230000
"1412",9,2009,"WD","Normal",140000
"1413",6,2009,"WD","Normal",90000
"1414",9,2009,"COD","Abnorml",257000
"1415",6,2008,"WD","Normal",207000
"1416",5,2009,"WD","Normal",175900
"1417",4,2010,"WD","Normal",122500
"1418",5,2009,"WD","Normal",340000
"1419",8,2008,"COD","Normal",124000
"1420",12,2006,"WD","Normal",223000
"1421",5,2006,"WD","Normal",179900
"1422",7,2010,"WD","Normal",127500
"1423",3,2008,"WD","Normal",136500
"1424",8,2006,"WD","Alloca",274970
"1425",6,2007,"WD","Normal",144000
"1426",10,2008,"WD","Normal",142000
"1427",8,2008,"WD","Normal",271000
"1428",4,2008,"WD","Normal",140000
"1429",2,2010,"WD","Abnorml",119000
"1430",4,2007,"WD","Normal",182900
"1431",7,2006,"WD","Normal",192140
"1432",10,2009,"WD","Normal",143750
"1433",8,2007,"WD","Normal",64500
"1434",5,2008,"WD","Normal",186500
"1435",5,2006,"WD","Normal",160000
"1436",7,2008,"COD","Abnorml",174000
"1437",5,2007,"WD","Normal",120500
"1438",11,2008,"New","Partial",394617
"1439",4,2010,"WD","Normal",149700
"1440",11,2007,"WD","Normal",197000
"1441",9,2008,"WD","Normal",191000
"1442",5,2008,"WD","Normal",149300
"1443",4,2009,"WD","Normal",310000
"1444",5,2009,"WD","Normal",121000
"1445",11,2007,"WD","Normal",179600
"1446",5,2007,"WD","Normal",129000
"1447",4,2010,"WD","Normal",157900
"1448",12,2007,"WD","Normal",240000
"1449",5,2007,"WD","Normal",112000
"1450",8,2006,"WD","Abnorml",92000
"1451",9,2009,"WD","Normal",136000
"1452",5,2009,"New","Partial",287090
"1453",5,2006,"WD","Normal",145000
"1454",7,2006,"WD","Abnorml",84500
"1455",10,2009,"WD","Normal",185000
"1456",8,2007,"WD","Normal",175000
"1457",2,2010,"WD","Normal",210000
"1458",5,2010,"WD","Normal",266500
"1459",4,2010,"WD","Normal",142125
"1460",6,2008,"WD","Normal",147500
